"OBJECTID","Drena a","cod_pfs","c","Area_km2","LongCauce_km","tuhp","RioPpal","TipoCuenca","CENTROID_X","CENTROID_Y","Perimetro_km","PendienteMediaCaucePpal (%)","CotaMaxCuenca (m)","CotaMinCuenca (m)","DifCotaCuenca (m)","AlturaMedCuenca (m)","PARAMO HERBACEO POCO ALTERADO","AGROPECUARIO","PARAMO HERBACEO MUY ALTERADO","PLANTACION FORESTAL","VEGETACION HERBACEA HUMEDA MUY ALTERADA","BOSQUE NATIVO HUMEDO MEDIANAMENTE ALTERADO","BOSQUE NATIVO HUMEDO POCO ALTERADO","BOSQUE NATIVO SIN INFO","PARAMO ARBUSTIVO MEDIANAMENTE ALTERADO","PARAMO ARBUSTIVO POCO ALTERADO","PARAMO HERBACEO MEDIANAMENTE ALTERADO","PARAMO SIN INFO","Matorral humedo medianamente alterado","Matorral humedo muy alterado","Matorral humedo poco alterado","Matorral sin info","VEGETACION HERBACEA DE HUMEDAL MEDIANAMENTE ALTERADA","VEGETACION HERBACEA DE HUMEDAL MUY ALTERADA","VEGETACION HERBACEA DE HUMEDAL POCO ALTERADA","VEGETACION HERBACEA HUMEDA MEDIANAMENTE ALTERADA","AREA_POBLADA","CUERPO_DE_AGUA NATURAL","ERIAL","INFRAESTRUCTURA","MATORRAL SECO MEDIANAMENTE ALTERADO","MATORRAL SECO MUY ALTERADO","MATORRAL SECO POCO ALTERADO","VEGETACION HERBACEA SECA MUY ALTERADA","VEGETACION HERBACEA HUMEDA POCO ALTERADA","VEGETACION HERBACEA SECA MEDIANAMENTE ALTERADA","VEGETACION HERBACEA SECA POCO ALTERADA","PARAMO ARBUSTIVO MUY ALTERADO","CUERPO AGUA ARTIFICIAL","GLACIAR","VEGETACION HERBACEA SIN INFO","BOSQUE NATIVO HUMEDO MUY ALTERADO"
1,7,4996814,"Afluente al Rio Chambo","7,96","4,72","Cuenca","Rio Chambo","Cuenca baja",774790,9839054,"12,30405981710","29,17013666750","3610,00000000000","2234,00000000000","1376,00000000000","2877,49498998000",0,2188917,0,137936,45744,0,632713,0,132661,0,0,0,0,442221,4353573,0,0,0,0,0,17308,3568,5749,0,0,0,0,0,0,0,0,0,0,0,0,0
2,7,4996815,"Rio Chambo","25,29","5,10","Intercuenca","Rio Chambo","Cuenca baja",778972,9836295,"23,60432931140","1,74438374675","2325,00000000000","2236,00000000000","89,00000000000","2285,90039062000",665130,6942704,0,594123,1451019,0,0,0,0,0,0,0,1770664,4298215,404443,0,0,0,0,52129,0,285594,8691602,0,0,0,0,0,103163,0,0,0,0,31599,0,0
3,4,4996822,"Quebrada Los Tiacos","8,91","5,20","Cuenca","Rio Puela","Cuenca baja",786673,9834265,"15,87321225940","15,63065646850","3791,00000000000","2978,00000000000","813,00000000000","3341,47454545000",1349480,33387,0,0,0,0,5013917,0,335091,746116,0,0,0,0,0,0,0,0,0,0,0,55,1373089,0,0,0,0,0,0,0,0,0,0,51488,0,0
4,14,4996823,"Rio Puela","0,32","0,63","Intercuenca","Rio Puela","Cuenca baja",787703,9831116,"2,52555711039","5,86231610769","2977,00000000000","2940,00000000000","37,00000000000","2959,40625000000",0,16330,0,0,0,172238,104604,0,0,0,0,0,0,0,0,0,0,0,0,0,0,25415,0,0,0,0,0,0,0,0,0,0,0,0,0,0
5,16,4996827,"Rio Naranjal","0,88","1,27","Intercuenca","Rio Puela","Cuenca baja",789450,9826659,"3,62057564498","3,45230991088","3186,00000000000","3142,00000000000","44,00000000000","3166,49557522000",0,0,0,0,0,0,283526,0,0,0,0,0,173521,0,281685,0,0,0,0,0,0,31735,0,0,0,0,0,0,105460,0,0,0,0,0,0,0
6,19,4996835,"Rio Blanco","12,76","5,33","Intercuenca","Rio Blanco","Cuenca baja",775706,9822939,"17,79738611020","5,06802640095","2675,00000000000","2405,00000000000","270,00000000000","2520,75409836000",0,8015963,0,1180282,41456,0,0,0,0,0,0,0,136094,235837,407751,0,0,0,12,978995,131017,118210,327857,0,0,0,0,0,55880,9576,1126034,0,0,0,0,0
7,73,4996813,"Rio Chambo","23,49","4,96","Intercuenca","Rio Chambo","Cuenca baja",779049,9839758,"23,53103855650","4,00872007743","2242,00000000000","2043,00000000000","199,00000000000","2169,06611570000",0,6937254,0,561510,175574,0,0,0,0,0,0,0,5256716,334873,2321629,0,0,0,0,160158,257063,152439,6743308,59272,0,0,0,0,528326,0,0,0,0,0,0,0
8,2,4996817,"Rio Chambo","2,55","1,40","Intercuenca","Rio Chambo","Cuenca baja",776564,9833679,"8,05722867342","1,35744326147","2338,00000000000","2319,00000000000","19,00000000000","2329,45751634000",0,1464947,0,122023,166395,0,0,0,0,0,0,0,521742,0,0,0,37135,0,0,63555,0,65546,47869,0,0,0,62397,0,0,0,0,0,0,0,0,0
9,8,4996818,"Quebrada San Martin","8,10","3,72","Cuenca","Rio Chambo","Cuenca baja",771686,9834322,"17,11629878700","26,98211591150","3336,00000000000","2331,00000000000","1005,00000000000","2865,37922078000",0,7473561,0,83018,322915,0,0,0,0,0,0,0,20432,0,0,0,0,0,0,0,102555,0,0,8472,0,0,42457,45822,0,0,0,0,0,0,0,0
10,8,4996819,"Rio Chambo","13,68","1,76","Intercuenca","Rio Chambo","Cuenca baja",772919,9832692,"19,77806006360","1,36026726684","2355,00000000000","2331,00000000000","24,00000000000","2341,53757225000",0,11320411,0,201051,66197,0,0,0,0,0,0,0,643091,1143,213956,0,71920,0,0,5833,20414,65207,93099,0,98851,0,562783,315775,0,0,0,0,0,0,0,0
11,2,4996816,"Quebrada Guilles","42,73","15,94","Cuenca","Rio Chambo","Cuenca baja",769692,9835712,"38,94296180520","10,44107707420","3985,00000000000","2321,00000000000","1664,00000000000","3256,48313918000",5726333,27725562,797966,654106,5970446,0,0,0,0,0,0,0,918988,93489,209834,0,0,0,0,44677,6972,352718,15982,10244,0,0,0,0,0,0,0,203883,0,0,0,0
12,73,4996812,"Quebrada Peraspamba","10,59","4,53","Cuenca","Rio Chambo","Cuenca baja",775645,9842329,"17,21969203010","18,15679947030","2869,00000000000","2046,00000000000","823,00000000000","2541,15957447000",0,5296096,0,110681,0,0,0,0,423141,0,0,0,184659,137449,4000967,0,0,0,0,56345,187402,0,0,196307,0,0,0,0,0,0,0,0,0,0,0,0
13,15,4996829,"Rio Chorreras","43,74","10,24","Intercuenca","Rio Puela","Cuenca baja",786016,9820223,"31,59904142520","8,79294320432","4090,00000000000","3190,00000000000","900,00000000000","3543,57619477000",24035976,0,0,0,0,0,2857705,0,0,0,0,0,0,0,9828011,0,0,0,0,0,0,52032,5233477,0,0,0,0,0,832095,0,0,0,0,899674,0,0
14,10,4996821,"Rio Puela","72,91","14,38","Intercuenca","Rio Puela","Cuenca baja",782508,9831265,"37,33412936190","4,50473441931","2997,00000000000","2349,00000000000","648,00000000000","2618,10533708000",3007379,20697467,0,945689,542886,10847421,2172398,0,5928725,1730225,0,0,12818806,589788,9030089,0,923,0,0,218006,154124,526670,3029014,10803,0,0,0,0,572974,0,0,0,0,86783,0,0
15,5,4996828,"Rio Ventanas","37,73","9,42","Cuenca","Rio Puela","Cuenca baja",790596,9820603,"28,57128553730","3,93837601321","3556,00000000000","3185,00000000000","371,00000000000","3311,18249733000",4087575,0,0,0,0,0,5134903,0,0,664385,0,0,1559339,0,12726332,16781,0,0,0,0,0,50201,8735542,0,0,0,0,0,3290286,0,0,0,0,1461032,0,0
16,4,4996825,"Rio Naranjal","16,52","4,46","Intercuenca","Rio Puela","Cuenca baja",789273,9827720,"22,62615888990","4,77893130356","3185,00000000000","2972,00000000000","213,00000000000","3065,09684685000",111029,42367,0,0,0,4421397,3870429,0,0,0,0,0,2738254,0,3151942,0,0,0,0,0,0,159960,0,0,0,0,0,0,2027464,0,0,0,0,0,0,0
17,4,4996824,"Rio Sigsal","32,00","5,66","Cuenca","Rio Puela","Cuenca baja",790644,9832006,"28,17111097250","10,47030031580","3562,00000000000","2969,00000000000","593,00000000000","3246,40072202000",4896144,0,0,0,0,0,14986037,0,0,4354435,0,0,1765957,0,218277,0,0,0,0,0,0,107459,268712,0,0,0,0,0,5399683,0,0,0,0,0,0,0
18,16,4996826,"Rio Cubillin","20,77","8,94","Cuenca","Rio Puela","Cuenca baja",784947,9824635,"22,77939477990","8,20323979049","3877,00000000000","3144,00000000000","733,00000000000","3404,37460651000",6254035,0,0,0,0,296148,786634,0,0,1109086,0,0,0,0,11968578,0,0,0,71141,0,0,189,209308,0,0,0,0,0,77359,0,0,0,0,0,0,0
19,26,4996834,"Rio Chambo","43,80","8,53","Cuenca","Rio Chambo","Cuenca baja",772793,9818320,"31,89729529550","0,85535298008","2479,00000000000","2406,00000000000","73,00000000000","2443,24675325000",4170307,25604771,32987,3973566,51722,110019,543364,0,0,82821,2051146,0,1914935,45630,0,0,0,0,0,905804,184304,440357,376345,26431,121716,0,0,2002247,534616,499424,62733,0,0,0,0,65862
20,6,4996837,"Rio Blanco","28,98","6,44","Intercuenca","Rio Blanco","Cuenca baja",777670,9818537,"29,49109914060","7,09540021209","3100,00000000000","2643,00000000000","457,00000000000","2866,01236476000",6905042,13303126,0,644006,418639,0,0,0,260124,0,0,0,1358002,1239375,3474196,0,0,0,0,697833,222331,166037,190092,0,0,0,0,0,105039,0,0,0,0,0,0,0
21,10,4996831,"Rio Chambo","0,38","0,38","Intercuenca","Rio Chambo","Cuenca baja",776488,9831395,"2,80902907637","5,30537495745","2370,00000000000","2350,00000000000","20,00000000000","2358,45454545000",0,210153,0,44620,1611,0,0,0,0,0,0,0,54195,0,0,0,0,0,0,0,1268,25932,1234,0,376,0,0,41683,0,0,0,0,0,0,0,0
22,21,4996832,"Rio Matus","29,75","8,54","Cuenca","Rio Chambo","Cuenca baja",779014,9826720,"26,63616245950","10,11108291490","3217,00000000000","2354,00000000000","863,00000000000","2720,20967742000",2958632,16328657,0,1186447,0,0,2323276,0,0,1946719,0,0,1038172,0,3316690,0,0,0,33869,71114,549153,221,0,0,0,0,0,0,0,0,0,0,0,0,0,0
23,20,4996838,"Rio Collanes","27,88","8,80","Cuenca","Rio Blanco","Cuenca baja",783185,9815528,"26,66482557100","12,42258847180","4218,00000000000","3125,00000000000","1093,00000000000","3651,89437428000",16505823,211620,0,220450,0,79272,0,0,370004,489851,0,0,0,156441,2036965,0,0,0,30192,299,0,477524,4836264,0,0,0,0,0,0,0,0,0,0,2468261,0,0
24,20,4996839,"Rio Blanco","60,64","10,84","Intercuenca","Rio Blanco","Cuenca baja",780094,9811281,"35,06293828770","12,17589786880","4419,00000000000","3099,00000000000","1320,00000000000","3585,26696833000",43201129,4409380,0,1978267,0,0,0,0,0,14810,0,26601,1628673,335789,1271163,12317,0,0,159324,16113,0,180240,5497352,0,0,0,0,0,0,0,0,0,0,737625,0,1171345
25,67,4996846,"Quebrada Basacón","39,64","20,78","Cuenca","Rio Guano","Cuenca baja",752231,9826169,"46,35733564090","5,67803399054","3917,00000000000","2737,00000000000","1180,00000000000","3169,40477327000",1265480,26641391,0,5282923,1044440,0,0,0,0,0,15309,0,0,0,0,0,0,0,0,0,1459284,0,599900,245244,0,0,0,3086039,0,0,0,0,0,0,0,0
26,21,4996833,"Rio Chambo","54,35","11,15","Intercuenca","Rio Chambo","Cuenca baja",772818,9827611,"32,50682100040","0,59197157143","2419,00000000000","2353,00000000000","66,00000000000","2377,80752014000",0,33418547,0,5378717,269470,0,0,0,0,0,0,0,4571677,0,179612,0,0,0,140879,49753,2057827,628946,1230097,163140,3494697,0,10408,934681,20516,60531,1739495,0,0,0,0,0
27,6,4996836,"Rio Candelaria","16,01","6,02","Cuenca","Rio Blanco","Cuenca baja",780314,9821871,"16,81779184440","24,03709647600","4115,00000000000","2669,00000000000","1446,00000000000","3495,79396985000",8435055,1786066,0,80564,43811,49351,0,0,0,30153,0,0,218333,433306,4857449,0,0,0,0,76674,0,0,0,0,0,0,0,0,0,0,0,0,0,0,0,0
28,25,4996848,"Quebrada Chilcachaca","52,25","11,95","Cuenca","Rio Guano","Cuenca baja",749558,9832682,"36,95098112990","13,40148756810","4760,00000000000","3159,00000000000","1601,00000000000","3699,78571429000",9722800,31010364,0,1331253,273019,0,0,0,0,0,161884,79548,0,0,0,1015464,0,0,0,0,217234,0,6244390,68571,0,0,0,0,0,0,0,0,0,2128349,0,0
29,30,4996849,"Quebrada del Rayo","52,89","11,44","Intercuenca","Rio Guano","Cuenca baja",754945,9832518,"40,41757507090","6,98481490845","3928,00000000000","3129,00000000000","799,00000000000","3438,63964758000",5002300,44678322,0,2077412,173825,0,0,0,0,4033,0,0,304768,0,61568,166711,0,0,0,0,188045,26851,84777,16607,0,0,0,101210,0,0,0,0,0,0,0,0
30,67,4996847,"Rio Guano","64,27","11,07","Intercuenca","Rio Guano","Cuenca baja",759953,9827427,"39,39141298320","3,66622263685","3138,00000000000","2732,00000000000","406,00000000000","2921,79930495000",10032484,31279115,0,5222036,3669391,0,0,0,0,97494,492171,0,2133547,0,1620014,0,0,0,0,0,1190375,2784,54383,203253,229350,18524,0,8022802,0,0,0,0,0,0,0,0
31,19,4996841,"Rio Guano","17,51","3,95","Intercuenca","Rio Guano","Cuenca baja",767467,9818511,"19,92570406790","2,30189356438","2569,00000000000","2478,00000000000","91,00000000000","2525,31784841000",0,13664498,0,601708,34465,0,0,0,0,0,1008720,0,0,0,0,0,0,0,0,239090,506816,101,225042,73208,0,0,0,904025,50586,203385,0,0,0,0,0,0
32,72,4996844,"Quebrada Las Abras","65,03","21,60","Cuenca","Rio Guano","Cuenca baja",755655,9821248,"53,55056864670","3,11043770990","3263,00000000000","2591,00000000000","672,00000000000","2940,51701281000",0,45111259,0,5741931,127511,0,0,0,24847,0,21982,0,115526,3592,0,0,0,90095,92242,74926,5489402,6953,207016,359508,0,0,0,7432543,0,29003,0,91685,5997,0,0,0
33,31,4996842,"Quebrada de Chacón","40,15","15,49","Cuenca","Rio Guano","Cuenca baja",767839,9827708,"35,26023242460","8,71615143247","3920,00000000000","2570,00000000000","1350,00000000000","3132,29922280000",2642062,31124522,0,3385747,213091,0,0,0,0,0,84854,0,314772,0,211425,0,0,0,0,0,172153,0,9988,11455,0,0,0,1976328,0,0,0,0,0,0,0,0
34,19,4996851,"Rio Chambo","84,07","10,75","Intercuenca","Rio Chambo","Cuenca media",770556,9811530,"39,85850074710","1,27431985625","2616,00000000000","2479,00000000000","137,00000000000","2544,27838828000",15496674,45660432,0,4512201,398485,166122,1372897,0,286413,0,0,0,7149699,221902,38603,0,0,0,6899,3339649,799905,531801,363065,539463,7696,0,0,137096,87751,2100568,851628,0,0,0,0,0
35,71,4996864,"Quebrada Guaslín","33,58","11,83","Cuenca","Rio Chibunga","Cuenca media",758464,9807233,"28,33136788400","7,56743668828","3533,00000000000","2638,00000000000","895,00000000000","2935,72071307000",0,18688063,94301,4871541,25909,0,0,0,0,0,0,0,192375,76815,0,0,0,0,0,1607565,880373,0,3344468,15135,0,0,0,857405,114869,753549,2057207,0,0,0,0,0
36,38,4996868,"Rio Cajabamba","133,84","14,06","Cuenca","Rio Chibunga","Cuenca media",744793,9810974,"57,67402261730","6,80031443490","4048,00000000000","3092,00000000000","956,00000000000","3346,13997214000",0,60115094,220883,6996415,13919201,0,0,0,0,0,45830634,0,74976,57515,0,0,0,0,503,0,3171479,1819149,1341448,249128,0,0,0,0,0,0,0,0,0,0,0,44678
37,38,4996869,"Rio Chimborazo","174,94","29,57","Intercuenca","Rio Chibunga","Cuenca media",743003,9826383,"69,76373211950","5,85994359779","4825,00000000000","3092,00000000000","1733,00000000000","3645,22130607000",54666400,60270421,1930806,5030974,1009727,0,0,0,473945,248421,8886955,0,408647,85045,0,264970,0,0,1263528,866222,1957163,0,29732992,569977,0,0,0,0,0,0,0,171435,0,5194566,1905139,0
38,39,4996867,"Rio Chibunga","71,91","14,18","Intercuenca","Rio Chibunga","Cuenca media",754731,9816613,"38,19158731220","2,35592851688","3091,00000000000","2757,00000000000","334,00000000000","2915,52911208000",0,39009068,0,9148196,6632166,0,0,0,0,0,0,0,175350,73596,0,0,0,0,0,594111,12315240,0,930013,911822,0,71115,0,33619,163388,1368420,471559,0,10511,0,0,0
39,71,4996865,"Rio Chibunga","37,54","6,83","Intercuenca","Rio Chibunga","Cuenca media",761988,9813454,"30,79790519630","1,74356146444","2758,00000000000","2639,00000000000","119,00000000000","2699,53352354000",0,12807707,0,3661352,111833,0,0,0,0,0,0,0,147435,6573,0,0,0,0,0,124141,14725132,0,1355458,2194121,48076,53686,0,275671,5783,1462921,561526,0,0,0,0,0
40,34,4996861,"Rio Chibunga","3,81","1,85","Intercuenca","Rio Chibunga","Cuenca media",764572,9810928,"10,62152153350","2,64211727332","2644,00000000000","2595,00000000000","49,00000000000","2621,62631579000",0,2562017,0,140872,7311,0,0,0,0,0,0,0,0,0,0,0,0,0,0,35702,620361,690,30628,48382,198402,0,0,65831,0,66208,30691,0,0,0,0,0
41,71,4996862,"Quebrada Gualgalomon","44,53","11,11","Cuenca","Rio Chibunga","Cuenca media",761367,9803470,"35,43249381600","7,97750467080","3520,00000000000","2634,00000000000","886,00000000000","2870,79378775000",0,27085882,66797,4015055,19522,0,0,0,0,0,158545,0,571280,0,0,0,0,0,0,3338176,1180670,0,1323799,68522,49898,0,0,2824288,0,2466556,1363990,0,0,0,0,0
42,39,4996866,"Quebrada Cacha","28,44","11,70","Cuenca","Rio Chibunga","Cuenca media",754884,9810661,"29,18115044880","7,25473421983","3606,00000000000","2757,00000000000","849,00000000000","3073,10912191000",0,17135821,0,3392753,1805728,0,0,0,0,0,0,0,50128,0,0,0,0,0,0,55526,925097,0,1651350,89963,0,121360,0,0,45068,1827412,1343562,0,0,0,0,0
43,50,4996876,"Rio Alao","89,44","16,55","Cuenca","Rio Chambo","Cuenca media",776033,9794397,"46,46170581350","2,92411440777","3266,00000000000","2782,00000000000","484,00000000000","3043,26493199000",39433066,25422898,336556,1244590,541137,64537,0,0,527177,1398298,2103882,0,3813034,496832,1440823,0,0,0,130875,5614180,302371,473938,4333154,0,0,0,0,0,1763257,0,0,0,0,0,0,0
44,49,4996878,"Rio Chambo","51,52","3,81","Cuenca","Rio Chambo","Cuenca media",761277,9796329,"41,21441793900","1,49441043818","2894,00000000000","2837,00000000000","57,00000000000","2854,70663265000",0,39893293,272267,2540557,5434428,0,0,0,0,0,682382,0,193245,137353,0,0,0,0,0,1145094,798946,134801,120023,31252,0,0,0,0,0,132820,0,0,0,0,0,0
45,34,4996871,"Rio Chambo","34,07","8,74","Intercuenca","Rio Chambo","Cuenca media",766615,9806068,"26,71127104260","1,40765191955","2720,00000000000","2597,00000000000","123,00000000000","2638,88888889000",0,23778057,0,4701244,1347949,0,0,0,0,0,0,0,693732,0,54323,0,0,0,38660,154375,980094,336064,0,836435,0,0,0,21040,0,393543,733276,0,0,0,0,0
46,45,4996872,"Rio Ulpín","63,08","13,86","Cuenca","Rio Chambo","Cuenca media",775293,9804441,"37,53140457800","8,48702435823","3882,00000000000","2706,00000000000","1176,00000000000","3336,63809524000",35578077,15535941,0,701160,603621,4172612,560746,0,0,0,0,0,3521418,0,79634,0,0,0,0,19896,0,0,1604961,28203,0,0,0,0,0,0,0,0,0,677429,0,0
47,45,4996873,"Rio Chambo","2,06","2,22","Intercuenca","Rio Chambo","Cuenca media",768538,9802423,"6,73655737048","4,73951180289","2785,00000000000","2680,00000000000","105,00000000000","2709,32142857000",0,983828,0,75154,0,0,0,0,0,0,0,0,896957,0,0,0,0,0,0,24844,0,74254,0,0,0,0,0,0,0,0,0,0,0,0,0,0
48,47,4996874,"Rio Daldal","30,49","9,35","Cuenca","Rio Chambo","Cuenca media",775900,9800478,"33,97273181600","10,07267447490","3721,00000000000","2779,00000000000","942,00000000000","3287,98026316000",19741195,5068198,86885,1054273,125472,1032138,79406,0,0,326975,0,0,140167,276305,671256,0,0,0,120144,24569,62888,0,1651413,0,0,0,0,0,0,0,0,0,0,30017,0,0
49,50,4996877,"Rio Chambo","13,51","5,55","Intercuenca","Rio Chambo","Cuenca media",766562,9795205,"15,35863561790","1,31483449198","2847,00000000000","2774,00000000000","73,00000000000","2803,67539267000",0,7646952,0,1457725,721748,0,0,0,0,0,0,0,258529,143364,0,0,0,0,0,2919110,140901,203110,20172,0,0,0,0,0,0,0,0,0,0,0,0,0
50,47,4996875,"Rio Chambo","43,49","5,87","Intercuenca","Rio Chambo","Cuenca media",768962,9799262,"38,13743818170","1,97702522642","2827,00000000000","2711,00000000000","116,00000000000","2757,03125000000",10883531,22231926,0,4285327,0,0,0,0,0,830042,0,0,797358,1346,0,0,0,0,0,573069,1323108,193901,448836,12358,138050,0,0,1309947,0,464381,0,0,0,0,0,0
51,49,4996879,"Rio Huargalla","87,38","12,84","Intercuenca","Rio Chambo","Cuenca media",771424,9788380,"44,36702808910","3,53670811285","3294,00000000000","2840,00000000000","454,00000000000","3070,11500381000",31075241,30440798,6379905,2244594,6102905,0,0,0,340742,16592,2227840,0,4120134,2454730,480612,0,0,0,526982,873876,33054,0,0,0,0,0,0,0,0,0,0,0,0,0,0,64000
52,74,4996882,"Rio Chidu","95,09","14,43","Cuenca","Rio Guamote","Cuenca media",751041,9775454,"73,26690449560","6,38282266698","4108,00000000000","3187,00000000000","921,00000000000","3537,59618008000",1297657,28462689,10350550,21752182,20391577,0,0,0,0,0,11313358,0,0,297903,0,0,38079,874816,0,0,272882,0,22695,19065,0,0,0,0,0,0,0,0,0,0,0,0
53,58,4996886,"Rio Llinllin","80,18","16,26","Cuenca","Rio Guamote","Cuenca media",743358,9790481,"43,08458888610","5,78203776414","4179,00000000000","3239,00000000000","940,00000000000","3657,37928994000",147124,16038954,1149945,310468,927128,0,0,0,0,0,60997081,0,0,431647,0,0,0,0,0,0,151172,0,0,23078,0,0,0,0,0,0,0,0,0,0,0,0
54,55,4996888,"Rio Gahulj│n","31,83","13,07","Cuenca","Rio Guamote","Cuenca media",747254,9801298,"33,13458046880","3,22887565217","3669,00000000000","3247,00000000000","422,00000000000","3458,13646702000",0,19496881,791182,418013,2050816,0,0,0,0,0,8664394,0,0,0,0,0,0,0,0,0,398940,0,0,10714,0,0,0,0,0,0,0,0,0,0,0,0
55,58,4996887,"Rio Sasapud","0,32","0,47","Intercuenca","Rio Guamote","Cuenca media",749249,9793810,"2,55836279867","4,89747694238","3262,00000000000","3239,00000000000","23,00000000000","3248,62000000000",0,221556,0,24599,32744,0,0,0,0,0,0,0,0,0,0,0,0,0,0,0,44028,0,0,0,0,0,0,0,0,0,0,0,0,0,0,0
56,62,4996898,"Quebrada Tasayo","43,21","9,84","Cuenca","Rio Cebadas","Cuenca alta",761407,9755398,"26,20709313000","4,62584129778","3992,00000000000","3537,00000000000","455,00000000000","3745,19441771000",19350741,13803126,916388,3699745,0,0,0,0,2537142,0,1236764,0,0,0,0,0,0,0,1215014,0,46208,0,401315,0,0,0,0,0,0,0,0,0,0,0,0,0
57,55,4996889,"Rio Sasapud","68,34","16,72","Intercuenca","Rio Guamote","Cuenca media",743830,9798887,"40,02285659120","3,56530773955","3844,00000000000","3248,00000000000","596,00000000000","3569,57468506000",117140,26235241,1059396,640852,735749,0,0,0,0,0,38945197,0,0,173394,0,0,0,0,0,0,366297,0,70545,0,0,0,0,0,0,0,0,0,0,0,0,0
58,60,4996885,"Rio Columbe","14,59","5,51","Intercuenca","Rio Guamote","Cuenca media",750505,9791378,"16,78806680100","1,90720815532","3256,00000000000","3151,00000000000","105,00000000000","3193,55655296000",0,11876632,434329,1232508,717379,0,0,0,0,0,0,0,0,59727,0,0,0,0,0,0,248968,0,0,24570,0,0,0,0,0,0,0,0,0,0,0,0
59,44,4996881,"Rio Guamote","55,18","11,91","Intercuenca","Rio Guamote","Cuenca media",758145,9790101,"36,52217389630","1,33474906075","3026,00000000000","2867,00000000000","159,00000000000","2951,36099585000",0,28336914,2048759,2076051,15292921,0,0,0,0,0,0,0,76266,4273546,0,0,0,0,0,1397707,176315,231513,1184983,80298,0,0,0,0,0,0,0,0,0,0,0,0
60,59,4996883,"Rio Columbe","31,56","6,36","Intercuenca","Rio Guamote","Cuenca media",751502,9787797,"27,46760031900","2,43743240131","3178,00000000000","3023,00000000000","155,00000000000","3108,03624382000",0,15780740,170577,2868563,10222964,0,0,0,0,0,1361063,0,0,539623,0,0,0,0,0,0,465190,192,152298,0,0,0,0,0,0,0,0,0,0,0,0,0
61,60,4996884,"Rio Guashi","108,26","19,81","Cuenca","Rio Guamote","Cuenca media",752828,9800045,"57,26568871430","2,89246281058","3725,00000000000","3152,00000000000","573,00000000000","3304,74384731000",0,84897767,192164,4373325,13714218,0,0,0,0,0,0,0,0,46020,0,0,0,124520,0,0,2850195,0,2001500,63335,0,0,0,0,0,0,0,0,0,0,0,0
62,68,4996897,"Rio Osogoche","48,81","9,53","Intercuenca","Rio Cebadas","Cuenca alta",765018,9761340,"34,02808669260","2,15120768707","3546,00000000000","3341,00000000000","205,00000000000","3456,42604167000",32603994,11490221,3477152,307841,9085,0,0,0,0,87126,706223,0,0,0,0,0,0,0,0,0,0,0,114015,0,0,0,0,0,0,0,0,10156,0,0,0,0
63,65,4996892,"Quebrada Yanarumi","37,13","10,50","Cuenca","Rio Cebadas","Cuenca alta",771331,9772865,"28,67978060110","7,24013776549","4006,00000000000","3246,00000000000","760,00000000000","3671,95281307000",33208852,1245044,1360474,306073,25104,0,0,0,0,0,231145,0,89853,0,661744,0,0,0,0,0,0,395,0,0,0,0,0,0,0,0,0,0,0,0,0,0
64,65,4996893,"Rio Cebadas","5,46","1,82","Intercuenca","Rio Cebadas","Cuenca alta",766539,9769216,"12,07935010560","1,70487368029","3276,00000000000","3245,00000000000","31,00000000000","3258,49723757000",2471972,1672660,1112233,127517,0,0,0,0,0,0,0,0,0,18317,0,0,0,0,0,0,0,62270,0,0,0,0,0,0,0,0,0,0,0,0,0,0
65,44,4996891,"Rio Cebadas","203,85","29,25","Intercuenca","Rio Cebadas","Cuenca alta",764061,9779773,"65,65085092980","1,32996165112","3255,00000000000","2866,00000000000","389,00000000000","3057,57939189000",51691799,64133760,20593827,13693398,19520698,0,0,0,0,0,19409346,0,5103260,5181440,17630,0,0,0,0,0,221263,1013996,3269466,0,0,0,0,0,0,0,0,0,0,0,0,0
66,68,4996896,"Rio Atillo","93,02","12,31","Cuenca","Rio Cebadas","Cuenca alta",773316,9757983,"46,16368070610","1,11294636385","3468,00000000000","3331,00000000000","137,00000000000","3434,84253247000",66823425,12335939,3203043,738905,10480,0,0,217009,0,0,806018,0,182417,0,84710,1115327,0,0,0,0,51437,3019500,4433070,0,0,0,0,0,0,0,0,0,0,0,0,0
67,72,4996845,"Rio Guano","41,25","5,06","Intercuenca","Rio Guano","Cuenca baja",764723,9825025,"31,05566652370","2,84823897947","2732,00000000000","2588,00000000000","144,00000000000","2651,37119675000",2461829,13852513,0,2494191,0,0,0,0,0,0,0,0,609925,0,345134,0,0,25210,16909,0,1753929,2714,605613,106635,23250,0,670243,18250585,0,0,0,0,28249,0,0,0
68,64,4996895,"Rio Atillo","21,59","3,37","Intercuenca","Rio Cebadas","Cuenca alta",766556,9766316,"26,12070828850","2,07696214837","3333,00000000000","3263,00000000000","70,00000000000","3299,93820225000",10020281,4002295,746377,2828498,68884,0,0,0,0,0,3852027,0,0,0,0,0,0,0,0,0,0,71028,0,0,0,0,0,0,0,0,0,0,0,0,0,0
69,62,4996899,"Rio Osogoche","107,19","11,06","Intercuenca","Rio Cebadas","Cuenca alta",768133,9750569,"50,52257488190","2,21589367559","3782,00000000000","3537,00000000000","245,00000000000","3674,72958736000",74282706,12962424,419609,0,0,0,0,123214,1907767,243434,1421377,213951,0,0,0,0,0,0,270643,0,46214,9225619,6017261,0,0,0,0,0,0,0,0,0,0,0,60368,0
70,64,4996894,"Rio Yasipán","150,60","30,02","Cuenca","Rio Cebadas","Cuenca alta",777700,9769609,"65,35230678620","2,31823823389","3959,00000000000","3263,00000000000","696,00000000000","3488,36415410000",123013795,2763959,3637471,898514,13703,0,0,0,0,0,536085,806389,34376,0,18492865,37066,0,0,0,0,0,362457,0,0,0,0,0,0,0,0,0,0,0,0,0,0
71,40,4996863,"Rio Chibunga","0,00","0,03","Intercuenca","Rio Chibunga","Cuenca media",764031,9809683,"0,24542245254","6,20961674245","2640,00000000000","2638,00000000000","2,00000000000","2639,33333333000",0,1067,0,0,0,0,0,0,0,0,0,0,0,0,0,0,0,0,0,0,0,0,0,0,0,0,0,0,0,0,2529,0,0,0,0,0
72,31,4996843,"Rio Guano","0,79","1,21","Intercuenca","Rio Guano","Cuenca baja",766629,9820245,"3,34152130813","1,81318326940","2589,00000000000","2567,00000000000","22,00000000000","2576,83898305000",0,638966,0,0,0,0,0,0,0,0,0,0,0,0,0,0,0,0,0,0,0,0,0,0,0,0,0,155561,0,0,0,0,0,0,0,0
73,0,4996811,"Rio Chambo","16,08","1,95","Intercuenca","Rio Chambo","Cuenca baja",780121,9842381,"28,64051933420","5,89363134673","2068,00000000000","1953,00000000000","115,00000000000","2001,25000000000",0,8718572,0,46920,0,0,468857,0,0,0,0,0,1692100,587387,558561,0,0,0,0,1279286,29331,115108,2548073,33542,0,0,0,0,0,0,0,0,0,5351,0,0
74,59,4996882,"Rio Chidu+Laime","118,98","17,51","Cuenca","Rio Guamote","Cuenca media",750577,9781790,"71,48076215127","3,80798655473","4212,00000000000","3027,00000000000","1185,00000000000","3319,32378960000",738201,42343284,12027871,11204240,33707213,0,0,0,0,0,9347468,0,0,2714624,847842,0,0,263085,37619,0,805715,110676,4708049,127287,0,0,0,0,0,0,0,0,0,0,0,0
75,43,4996876,"Rio Alao","96,13","16,37","Cuenca","Rio Chambo","Cuenca media",784222,9795996,"49,34214642720","5,18526691840","4105,00000000000","3256,00000000000","849,00000000000","3485,04366544000",51784657,2608461,554558,0,0,194097,854418,0,519953,8909353,0,11896,1153480,0,3872916,59623,0,31683,1065185,1247038,0,253461,18565582,0,0,0,0,0,4408251,0,0,0,0,32310,0,0
76,51,4996879,"Rio Huargalla","103,63","11,82","Intercuenca","Rio Chambo","Cuenca media",776449,9781331,"50,36789494720","4,05995889993","3768,00000000000","3288,00000000000","480,00000000000","3541,54890865000",88442743,1217697,45289,0,0,352221,257664,0,366949,397703,5892766,0,454844,129070,5230151,0,0,0,481835,0,0,0,359432,0,0,0,0,0,0,0,0,0,0,0,0,0
